{
  "base":               "Bot",

  "dim":                [ 0.45, 0.45, 1.1 ],
  "crouchDimZ":         0.79,

  "life":               100,
  "resistance":         inf,

  "mass":               100,
  "lift":               1.3,

  "camZ":               0.79,
  "crouchCamZ":         0.59,

  "runMomentum":        2.5,
  "jumpMomentum":       7,

  "stamina":            100,
  "staminaGain":        0,
  "staminaRunDrain":    0,
  "staminaWaterDrain":  0,
  "staminaClimbDrain":  0,
  "staminaJumpDrain":   0,
  "staminaThrowDrain":  0,

  "regeneration":       0,

  "reachDist":          2,
  "grabWeight":         inf,
  "throwMomentum":      10,

  "nameFunc":           "ogreName",
  "mind":               "",

  "nItems":             16,
  "defaultItems":
  [
                        "bauul$skull"
  ],
  "weaponItem":         0,
  "onMelee":            "melee_onShot",

  "attrib.nightVision": true,
  "attrib.binoculars":  true,
  "attrib.galileo":     true,
  "attrib.musicPlayer": true,

  "fragPool":           "gibs",
  "nFrags":             10,

  "imagoType":          "MD2",
  "imagoModel":         "bauul",

  "audioType":          "Bot",
  "audioSounds":
  {
    "damage":           "ppm/pains",
    "land":             "oz/land",
    "splash":           "free/splash1",
    "step":             "openarena/boot4",
    "waterStep":        "openarena/splash1",
    "swimSurface":      "openarena/watr_in",
    "death":            "ppm/deathb",
    "jump":             "aard/jump",
    "melee":            "aard/tak",
    "take":             "oz/itempick",
    "flip":             "ppm/deathb"
  }
}
