{
  "base":               "Bot",

  "dim":                [ 0.45, 0.45, 1 ],
  "crouchDimZ":         0.80,

  "life":               150,

  "mass":               100,
  "lift":               1.3,

  "camZ":               0.80,
  "crouchCamZ":         0.60,

  "stamina":            150,
  "regeneration":       0.5,

  "nameFunc":           "hobgoblinName",
  "mind":               "beastie",

  "nItems":             8,
  "defaultItems":
  [
                        "beast$plasmagun",
                        "musicPlayer",
                        "firstAid",
                        "cvicek"
  ],
  "weaponItem":         0,

  "fragPool":           "gibs",
  "nFrags":             8,

  "imagoType":          "MD2",
  "imagoModel":         "hobgoblin",

  "audioType":          "Bot",
  "audioSounds":
  {
    "damage":           "ppm/pains",
    "land":             "oz/land",
    "splash":           "free/splash1",
    "step":             "openarena/boot4",
    "waterStep":        "openarena/splash1",
    "swimSurface":      "openarena/watr_in",
    "death":            "ppm/deathb",
    "jump":             "aard/jump",
    "take":             "oz/itempick",
    "flip":             "ppm/deathb"
  }
}
