{
  "base":               "Dynamic",

  "flag.onUpdate":      false,
  "flag.item":          true,

  "dim":                [ 0.34, 0.34, 0.34 ],

  "life":               20,
  "resistance":         40,

  "mass":               50,
  "lift":               1.1,

  "onDestroy":          "spawnBigExplosion",
  "onUse":              "bomb_onUse",
  "onUpdate":           "bomb_onUpdate",

  "imagoType":          "SMM",
  "imagoModel":         "bombs",

  "audioType":          "Basic",
  "audioSounds":
  {
    "damage":           "grsites/hit2",
    "hit":              "grsites/hit2",
    "land":             "grsites/hit2",
    "splash":           "free/splash1",
    "use":              "free/tick"
  }
}
