{
  "base":               "Dynamic",

  "title":              "cviček",

  "flag.item":          true,

  "dim":                [ 0.1, 0.1, 0.25 ],

  "life":               20,
  "resistance":         10,

  "mass":               40,
  "lift":               1.2,

  "onUse":              "cvicek_onUse",

  "fragPool":           "metal",
  "nFrags":             2,

  "imagoType":          "SMM",
  "imagoModel":         "winebottle",

  "audioType":          "Basic",
  "audioSounds":
  {
    "destroy":          "grsites/hit2",
    "damage":           "grsites/hit2",
    "hit":              "grsites/hit2",
    "land":             "grsites/hit2",
    "splash":           "free/splash1",
    "use":              "aard/tak",
    "failed":           "bfxr/failed"
  }
}
