{
  "base":               "Weapon",

  "title":              "chaingun",

  "flag.onUpdate":      false,
  "flag.cylinder":      false,

  "dim":                [ 0.28, 0.60, 0.135 ],

  "life":               100,
  "resistance":         50,

  "mass":               5,
  "lift":               0.8,

  "nRounds":            610,
  "shotInterval":       0.12,

  "onShot":             "chaingun_onShot",

  "attrib.suicide":     true,

  "fragPool":           "metal",
  "nFrags":             4,

  "imagoType":          "MD2Weapon",
  "imagoModel":         "ratamahatta$chaingun",

  "audioType":          "Basic",
  "audioSounds":
  {
    "destroy":          "grsites/hit2",
    "damage":           "grsites/hit2",
    "hit":              "grsites/hit2",
    "land":             "grsites/hit2",
    "splash":           "free/splash1",
    "shot":             "awesund/cg2",
    "shotEmpty":        "aard/outofammo"
  }
}
