{
  "base":               "Weapon",

  "title":              "chaingun",

  "flag.cylinder":      false,

  "dim":                [ 0.15, 0.48, 0.07 ],

  "life":               100,
  "resistance":         50,

  "mass":               10,
  "lift":               0.8,

  "nRounds":            800,
  "shotInterval":       0.1,

  "onShot":             "chaingun_onShot",

  "attrib.suicide":     true,

  "fragPool":           "metal",
  "nFrags":             2,

  "imagoType":          "MD2Weapon",
  "imagoModel":         "droid$chaingun",

  "audioType":          "Basic",
  "audioSounds":
  {
    "destroy":          "grsites/hit2",
    "damage":           "grsites/hit2",
    "hit":              "grsites/hit2",
    "land":             "grsites/hit2",
    "splash":           "free/splash1",
    "shot":             "awesund/cg2",
    "shotEmpty":        "aard/outofammo"
  }
}
