{
  "base":               "Weapon",

  "title":              "blaster",

  "flag.cylinder":      false,

  "dim":                [ 0.13, 0.27, 0.05 ],

  "life":               100,
  "resistance":         50,

  "mass":               5,
  "lift":               0.8,

  "nRounds":            -1,
  "shotInterval":       0.5,

  "onShot":             "blaster_onShot",

  "attrib.suicide":     true,

  "fragPool":           "metal",
  "nFrags":             2,

  "imagoType":          "MD2Weapon",
  "imagoModel":         "droid$blaster",

  "audioType":          "Basic",
  "audioSounds":
  {
    "destroy":          "grsites/hit2",
    "damage":           "grsites/hit2",
    "hit":              "grsites/hit2",
    "land":             "grsites/hit2",
    "splash":           "free/splash1",
    "shot":             "awesund/cg2",
    "shotEmpty":        "aard/outofammo"
  }
}
