{
  "base":               "Bot",

  "title":              "droid OOM-9",

  "dim":                [ 0.3, 0.3, 1.1 ],
  "crouchDimZ":         0.75,

  "life":               200,

  "mass":               100,
  "lift":               0.8,

  "camZ":               0.79,
  "crouchCamZ":         0.69,

  "staminaRunDrain":    0,
  "staminaWaterDrain":  0,

  "grabWeight":         1000,

  "nameFunc":           "droidName",

  "nItems":             8,
  "defaultItems":
  [
                        "droid$blaster"
  ],
  "weaponItem":         0,

  "attrib.nightVision": true,
  "attrib.binoculars":  true,
  "attrib.galileo":     true,
  "attrib.musicPlayer": true,

  "state.mechanical":   true,

  "nvColour":           [ 3.5, 1.5, 0.5, 0.0,
                          2.5, 2.5, 0.5, 0.0,
                          2.5, 1.5, 1.5, 0.0,
                          0.0, 0.0, 0.0, 1.0 ],
  "injuryColour":       [ 0.8, 0.4, 0.4, 0.2,
                          0.8, 0.4, 0.4, 0.1,
                          0.8, 0.4, 0.4, 0.1,
                          0.0, 0.0, 0.0, 1.0 ],

  "fragPool":           "metal",
  "nFrags":             5,

  "imagoType":          "MD2",
  "imagoModel":         "droid.OOM-9",

  "audioType":          "Bot",
  "audioSounds":
  {
    "destroy":          "oz/destroy_metal1",
    "damage":           "droid-sounds/pain75_1",
    "land":             "droid-sounds/fall1",
    "splash":           "free/splash1",
    "step":             "openarena/boot4",
    "waterStep":        "openarena/splash1",
    "swimSurface":      "openarena/watr_in",
    "death":            "droid-sounds/death2",
    "jump":             "droid-sounds/pain50_1",
    "take":             "oz/itempick",
    "flip":             "droid-sounds/death4"
  }
}
