{
  "base":               "Dynamic",

  "title":              "first aid",

  "flag.item":          true,
  "flag.cylinder":      false,

  "dim":                [ 0.25, 0.25, 0.15 ],

  "life":               50,
  "resistance":         30,

  "mass":               10,
  "lift":               1.2,

  "onUse":              "firstAid_onUse",

  "fragPool":           "metal",
  "nFrags":             2,

  "imagoType":          "SMM",
  "imagoModel":         "health",

  "audioType":          "Basic",
  "audioSounds":
  {
    "destroy":          "grsites/hit2",
    "damage":           "grsites/hit2",
    "hit":              "grsites/hit2",
    "land":             "grsites/hit2",
    "splash":           "free/splash1",
    "use":              "aard/tak",
    "failed":           "bfxr/failed"
  }
}
