{
  "base":               "Bot",

  "dim":                [ 0.25, 0.25, 0.65 ],
  "crouchDimZ":         0.49,

  "life":               100,

  "mass":               30,
  "lift":               1.3,

  "camZ":               0.54,
  "crouchCamZ":         0.39,

  "walkMomentum":       0.8,
  "runMomentum":        1.5,

  "stamina":            100,
  "staminaGain":        2.5,
  "staminaRunDrain":    5,
  "staminaWaterDrain":  5,
  "staminaClimbDrain":  10,
  "staminaJumpDrain":   8,
  "staminaThrowDrain":  12,

  "regeneration":       0,

  "climbMax":           1.5,

  "reachDist":          2,
  "grabWeight":         500,
  "throwMomentum":      6,

  "nameFunc":           "lizardName",
  "mind":               "goblin_prey",

  "nItems":             4,
  "defaultItems":
  [
                        "goblin$axe",
                        "cvicek"
  ],
  "weaponItem":         0,
  "onMelee":            "melee_onShot",

  "fragPool":           "gibs",
  "nFrags":             5,

  "imagoType":          "MD2",
  "imagoModel":         "goblin",

  "audioType":          "Bot",
  "audioSounds":
  {
    "damage":           "ppm/paind",
    "land":             "oz/land",
    "splash":           "free/splash1",
    "step":             "openarena/boot4",
    "waterStep":        "openarena/splash1",
    "swimSurface":      "openarena/watr_in",
    "death":            "ppm/deathd",
    "jump":             "aard/jump",
    "melee":            "aard/tak",
    "take":             "oz/itempick",
    "flip":             "ppm/deathd"
  }
}
