{
  "base":               "Vehicle",

  "title":              "hover tank",

  "state.hasEject":     true,
  "state.autoEject":    true,

  "dim":                [ 1.39, 1.39, 0.79 ],

  "life":               3000,
  "resistance":         200,

  "mass":               5000,
  "lift":               2.4,

  "pilotPos":           [ 0, 0.5, 0.5 ],
  "rotVelLimit":        120,

  "fuel":               100,

  "weapons":
  [
    {
      "title":          "heavy blaster",
      "onShot":         "vehicle_heavyBlaster_onShot",
      "nRounds":        100,
      "shotInterval":   0.5
    },
    {
      "title":          "gatling gun",
      "onShot":         "vehicle_gatling_onShot",
      "nRounds":        600,
      "shotInterval":   0.08
    },
    {
      "title":          "cannon",
      "onShot":         "vehicle_cannon_onShot",
      "nRounds":        30,
      "shotInterval":   2
    }
  ],

  "engine":
  {
    "consumption":      0.02,
    "idleConsumption":  0.02,
    "pitchBias":        0.5,
    "pitchRatio":       0.006,
    "pitchLimit":       2
  },

  "hover":
  {
    "moveMomentum":     0.4,

    "height":           2,
    "heightStiffness":  40,
    "momentumStiffness": 1600
  },

  "nItems":             8,

  "attrib.binoculars":  true,
  "attrib.galileo":     true,
  "attrib.musicPlayer": true,

  "onDestroy":          "spawnSmallExplosion",

  "fragPool":           "metal",
  "nFrags":             15,

  "imagoType":          "SMMVehicle",
  "imagoModel":         "tank",

  "audioType":          "Vehicle",
  "audioSounds":
  {
    "destroy":          "oz/destroy_metal1",
    "damage":           "oz/hit_metal1",
    "hit":              "oz/hit_metal1",
    "land":             "oz/hit_metal1",
    "splash":           "free/splash2",
    "engine":           "soundsnap/fan",
    "shot0":            "awesund/cg1",
    "shot1":            "awesund/flaunch",
    "shot2":            "awesund/cg2",
    "shotEmpty":        "aard/outofammo"
  }
}
