{
  "base":               "Dynamic",

  "flag.item":          true,
  "flag.cylinder":      false,

  "dim":                [ 0.50, 0.11, 0.035 ],

  "life":               100,
  "resistance":         200,

  "mass":               10,
  "lift":               0.7,

  "key":                1,

  "fragPool":           "metal",
  "nFrags":             2,

  "imagoType":          "SMM",
  "imagoModel":         "key",

  "audioType":          "Basic",
  "audioSounds":
  {
    "destroy":          "grsites/hit2",
    "damage":           "grsites/hit2",
    "hit":              "grsites/hit2",
    "land":             "grsites/hit2",
    "splash":           "free/splash1"
  }
}
