{
  "base":               "Bot",

  "dim":                [ 0.45, 0.45, 1 ],
  "crouchDimZ":         0.8,

  "life":               150,

  "mass":               100,
  "lift":               1.3,

  "camZ":               0.79,
  "crouchCamZ":         0.69,

  "nameFunc":           "humanName",
  "mind":               "knight_predator",

  "nItems":             8,
  "defaultItems":
  [
                        "knight$mace",
                        "firstAid",
                        "cvicek",
                        "cvicek"
  ],
  "weaponItem":         0,

  "fragPool":           "gibs",
  "nFrags":             5,

  "imagoType":          "MD2",
  "imagoModel":         "pknight",

  "audioType":          "Bot",
  "audioSounds":
  {
    "damage":           "ppm/pains",
    "land":             "oz/land",
    "splash":           "free/splash1",
    "step":             "openarena/boot4",
    "waterStep":        "openarena/splash1",
    "swimSurface":      "openarena/watr_in",
    "death":            "ppm/deathb",
    "jump":             "aard/jump",
    "melee":            "aard/tak",
    "take":             "oz/itempick",
    "flip":             "ppm/deathb"
  }
}
