{
  "base":               "Weapon",

  "title":              "mace",

  "flag.cylinder":      false,

  "dim":                [ 0.35, 0.6, 0.15 ],

  "life":               100,

  "mass":               10,
  "lift":               0.7,

  "nRounds":            -1,
  "shotInterval":       0.5,

  "onShot":             "mace_onShot",

  "fragPool":           "metal",
  "nFrags":             2,

  "imagoType":          "MD2Weapon",
  "imagoModel":         "pknight$mace",

  "audioType":          "Basic",
  "audioSounds":
  {
    "destroy":          "grsites/hit2",
    "damage":           "grsites/hit2",
    "hit":              "grsites/hit2",
    "land":             "grsites/hit2",
    "splash":           "free/splash1",
    "shot":             "aard/tak"
  }
}
