{
  "base":               "Vehicle",

  "title":              "mech warrior",

  "state.hasEject":     true,
  "state.autoEject":    true,

  "dim":                [ 0.3, 0.3, 1.1 ],

  "life":               3000,
  "resistance":         200,

  "mass":               5000,
  "lift":               2.4,

  "fuel":               100,

  "pilotPos":           [ 0, 0, 0.8 ],
  "rotVelLimit":        120,

  "weapons":
  [
    {
      "title":          "heavy blaster",
      "onShot":         "vehicle_heavyBlaster_onShot",
      "nRounds":        100,
      "shotInterval":   0.5
    },
    {
      "title":          "gatling gun",
      "onShot":         "vehicle_gatling_onShot",
      "nRounds":        600,
      "shotInterval":   0.08
    },
    {
      "title":          "cannon",
      "onShot":         "vehicle_cannon_onShot",
      "nRounds":        30,
      "shotInterval":   2
    }
  ],

  "mech":
  {
    "stairMax":         0.6875
  },

  "nItems":             8,

  "attrib.binoculars":  true,
  "attrib.galileo":     true,
  "attrib.musicPlayer": true,

  "onDestroy":          "spawnSmallExplosion",

  "fragPool":           "metal",
  "nFrags":             15,

  "imagoType":          "MD2",
  "imagoModel":         "droid",

  "audioType":          "Vehicle",
  "audioSounds":
  {
    "destroy":          "oz/destroy_metal1",
    "damage":           "oz/hit_metal1",
    "hit":              "oz/hit_metal1",
    "land":             "oz/hit_metal1",
    "splash":           "free/splash2",
    "shot0":            "awesund/cg1",
    "shot1":            "awesund/flaunch",
    "shot2":            "awesund/cg2",
    "shotEmpty":        "aard/outofammo"
  }
}
