{
  "base":               "Dynamic",

  "title":              "crate",

  "flag.cylinder":      false,

  "dim":                [ 0.6, 0.6, 0.6 ],

  "life":               200,
  "resistance":         150,

  "mass":               200,
  "lift":               0.8,

  "nItems":             16,

  "fragPool":           "metal",
  "nFrags":             6,

  "imagoType":          "SMM",
  "imagoModel":         "crate4",

  "audioType":          "Basic",
  "audioSounds":
  {
    "destroy":          "oz/destroy_metal1",
    "damage":           "oz/hit_metal1",
    "hit":              "oz/hit_metal1",
    "land":             "oz/hit_metal1",
    "splash":           "free/splash2",
    "fricting":         "oz/friction1"
  }
}
