{
  "base":               "Dynamic",

  "title":              "barrel",

  "dim":                [ 0.37, 0.37, 0.52 ],

  "life":               100,
  "resistance":         100,

  "mass":               50,
  "lift":               0.7,

  "fragPool":           "metal",
  "nFrags":             4,

  "imagoType":          "SMM",
  "imagoModel":         "barrel2",

  "audioType":          "Basic",
  "audioSounds":
  {
    "destroy":          "oz/destroy_metal1",
    "damage":           "oz/hit_metal1",
    "hit":              "oz/hit_metal1",
    "land":             "oz/hit_metal1",
    "splash":           "free/splash2",
    "fricting":         "oz/friction1"
  }
}
