{
  "base":               "Dynamic",

  "title":              "music player",

  "flag.item":          true,
  "flag.cylinder":      false,

  "dim":                [ 0.1, 0.2, 0.04 ],

  "life":               50,
  "resistance":         30,

  "mass":               10,
  "lift":               1.2,

  "attrib.musicPlayer": true,

  "fragPool":           "metal",
  "nFrags":             2,

  "imagoType":          "SMM",
  "imagoModel":         "musicPlayer",

  "audioType":          "Basic",
  "audioSounds":
  {
    "destroy":          "grsites/hit2",
    "damage":           "grsites/hit2",
    "hit":              "grsites/hit2",
    "land":             "grsites/hit2",
    "splash":           "free/splash1"
  }
}
