{
  "base":               "Dynamic",

  "title":              "night vision goggles",

  "flag.item":          true,
  "flag.cylinder":      false,

  "dim":                [ 0.20, 0.10, 0.10 ],

  "life":               50,
  "resistance":         30,

  "mass":               10,
  "lift":               1.2,

  "attrib.nightVision": true,

  "fragPool":           "metal",
  "nFrags":             2,

  "imagoType":          "SMM",
  "imagoModel":         "nvGoggles",

  "audioType":          "Basic",
  "audioSounds":
  {
    "destroy":          "grsites/hit2",
    "damage":           "grsites/hit2",
    "hit":              "grsites/hit2",
    "land":             "grsites/hit2",
    "splash":           "free/splash1"
  }
}
