{
  "base":               "Vehicle",

  "flag.wideCull":      true,

  "state.crewVisible":  true,

  "dim":                [ 2.99, 2.99, 1.99 ],

  "life":               2000,
  "resistance":         150,

  "mass":               5000,
  "lift":               1.5,

  "pilotPos":           [ 0, 2.4, 0.1 ],
  "rotVelLimit":        60,

  "fuel":               100,

  "engine":
  {
    "consumption":      0.08,
    "idleConsumption":  0.08,
    "pitchBias":        1,
    "pitchRatio":       0.001,
    "pitchLimit":       2
  },

  "air":
  {
    "moveMomentum":     0.8
  },

  "nItems":             24,

  "attrib.galileo":     true,
  "attrib.musicPlayer": true,

  "onDestroy":          "spawnSmallExplosion",

  "fragPool":           "metal",
  "nFrags":             20,

  "imagoType":          "SMMVehicle",
  "imagoModel":         "raptor",

  "audioType":          "Vehicle",
  "audioSounds":
  {
    "destroy":          "oz/destroy_metal1",
    "damage":           "oz/hit_metal1",
    "hit":              "oz/hit_metal1",
    "land":             "oz/hit_metal1",
    "splash":           "free/splash2"
  }
}
