{
  "base":               "Object",

  "title":              "service station",

  "flag.cylinder":      false,

  "dim":                [ 1.3, 0.95, 2.57 ],

  "life":               1000,
  "resistance":         200,

  "onDestroy":          "spawnSmallExplosion",
  "onUse":              "serviceStation_onUse",

  "fragPool":           "metal",
  "nFrags":             10,

  "imagoType":          "SMM",
  "imagoModel":         "biotank",

  "audioType":          "Basic",
  "audioSounds":
  {
    "destroy":          "oz/destroy_metal1",
    "damage":           "oz/hit_metal1",
    "use":              "free/acid5"
  }
}
