{
  "base":               "Dynamic",

  "title":              "crate",

  "flag.cylinder":      false,

  "dim":                [ 0.3, 0.3, 0.3 ],

  "life":               70,
  "resistance":         50,

  "mass":               30,
  "lift":               1.2,

  "fragPool":           "wood",
  "nFrags":             4,

  "imagoType":          "SMM",
  "imagoModel":         "smallCrate",

  "audioType":          "Basic",
  "audioSounds":
  {
    "destroy":          "oz/destroy_wood1",
    "damage":           "oz/hit_wood2",
    "hit":              "oz/hit_wood2",
    "land":             "oz/hit_wood2",
    "splash":           "free/splash1"
  }
}
