{
  "base":               "Bot",

  "dim":                [ 0.45, 0.45, 1.05 ],
  "crouchDimZ":         0.8,

  "life":               150,

  "mass":               100,
  "lift":               1.3,

  "camZ":               0.79,
  "crouchCamZ":         0.69,

  "nameFunc":           "ogreName",
  "mind":               "zombie_hungry",

  "nItems":             4,
  "defaultItems":
  [
                        "cvicek",
                        "cvicek"
  ],

  "onMelee":            "melee_onShot",

  "fragPool":           "gibs",
  "nFrags":             5,

  "imagoType":          "MD2",
  "imagoModel":         "ogro",

  "audioType":          "Bot",
  "audioSounds":
  {
    "damage":           "aard/pain6",
    "land":             "oz/land",
    "splash":           "free/splash1",
    "step":             "openarena/boot4",
    "waterStep":        "openarena/splash1",
    "swimSurface":      "openarena/watr_in",
    "death":            "aard/die1",
    "jump":             "aard/jump",
    "melee":            "aard/tak",
    "take":             "oz/itempick",
    "point":            "aard/grunt1",
    "fallBack":         "aard/grunt1",
    "salute":           "aard/grunt1",
    "wave":             "aard/grunt1",
    "flip":             "aard/grunt1"
  }
}
