[
  {
    "technology":       "beastTech",
    "title":            "Beastie technology",
    "price":            500,
    "time":             500
  },
  {
    "technology":       "cyborgTech",
    "title":            "Cyborg technology",
    "price":            1200,
    "time":             700
  },
  {
    "technology":       "droidTech",
    "title":            "Droid technology",
    "price":            1000,
    "time":             600
  },

  {
    "building":         "beastBunker",
    "requires":         [ "beastTech" ]
  },
  {
    "building":         "bunker",
    "requires":         [ "droidTech" ]
  },
  {
    "building":         "tower",
    "requires":         [ "droidTech" ]
  },
  {
    "building":         "house"
  },
  {
    "building":         "forum"
  },

  {
    "unit":             "beast",
    "requires":         [ "beastTech" ]
  },
  {
    "unit":             "cyborg",
    "requires":         [ "cyborgTech" ]
  },
  {
    "unit":             "droid",
    "requires":         [ "droidTech" ]
  },
  {
    "unit":             "droid.OOM-9",
    "requires":         [ "droidTech" ]
  },
  {
    "unit":             "hoverTank",
    "requires":         [ "droidTech" ]
  },
  {
    "unit":             "raptor",
    "requires":         [ "droidTech" ]
  },
  {
    "unit":             "mechWarrior",
    "requires":         [ "droidTech" ]
  },
  {
    "unit":             "knight"
  },
  {
    "unit":             "goblin"
  },

  {
    "item":             "nvGoggles"
  },
  {
    "item":             "binoculars"
  },
  {
    "item":             "musicPlayer"
  },
  {
    "item":             "galileo"
  },
  {
    "item":             "firstAid"
  },
  {
    "item":             "cvicek"
  },
  {
    "item":             "beast$plasmagun",
    "requires":         [ "beastTech" ]
  },
  {
    "item":             "cyborg$chaingun",
    "requires":         [ "cyborgTech" ]
  },
  {
    "item":             "droid$blaster",
    "requires":         [ "droidTech" ]
  },
  {
    "item":             "droid$hyperblaster",
    "requires":         [ "droidTech" ]
  },
  {
    "item":             "droid$chaingun",
    "requires":         [ "droidTech" ]
  },
  {
    "item":             "droid$grenadeLauncher",
    "requires":         [ "droidTech" ]
  },
  {
    "item":             "knight$mace"
  },
  {
    "item":             "goblin$axe"
  },
  {
    "item":             "bomb"
  },

  {
    "object":           "serviceStation",
    "requires":         [ "droidTech" ]
  },
  {
    "object":           "console",
    "requires":         [ "droidTech" ]
  },
  {
    "object":           "metalCrate",
    "requires":         [ "droidTech" ]
  },
  {
    "object":           "smallCrate"
  },
  {
    "object":           "bigCrate"
  },
  {
    "object":           "box"
  },
  {
    "object":           "metalBarrel"
  },
  {
    "object":           "explosiveBarrel"
  },
  {
    "object":           "datacube"
  },
  {
    "object":           "tree"
  },
  {
    "object":           "pine"
  },
  {
    "object":           "palm"
  }
]
